training_step,training_return
138,0
279,0
423,0
590,1
770,1
944,1
1116,1
1304,1
1485,1
1697,2
1906,2
2138,2
2300,1
2482,1
2686,2
2811,0
2936,0
3170,3
3372,2
3658,3
3819,1
3948,0
4091,0
4309,2
4501,1
4631,0
4760,0
4921,1
5092,1
5426,4
5566,0
5872,4
6035,1
6168,0
6360,2
6488,0
6774,3
6951,1
7116,1
7410,4
7550,0
7836,4
8064,2
8256,1
8387,0
8598,2
8750,1
8930,1
9112,1
9278,1
9455,1
9598,0
9742,0
9894,1
10030,0
10213,1
10421,2
10612,1
10743,0
10948,2
11140,1
11332,2
11486,1
11721,2
11862,0
12022,1
12195,0
12357,1
12487,0
12619,0
12803,1
13025,2
13303,4
13510,2
13734,3
13864,0
14076,2
14229,1
14371,0
14508,0
14725,2
14939,2
15071,0
15240,1
15518,3
15720,2
16002,3
16211,2
16343,0
16509,1
16687,1
16871,1
17091,2
17267,1
17406,0
17597,1
17778,1
17966,2
18202,2
18426,2
18592,1
18809,2
18994,1
19140,0
19274,0
19432,1
19637,2
19810,1
19940,0
20066,0
20197,0
20336,0
20460,0
20618,1
20753,0
20965,2
21309,5
21444,0
21588,0
21717,0
21870,1
22035,1
22167,0
22416,3
22643,2
22807,1
22976,1
23166,1
23317,0
23521,2
23677,1
23917,3
24107,2
24309,2
24484,1
24648,1
24866,2
25035,1
25176,0
25353,1
25684,5
25821,0
26042,2
26314,4
26454,0
26593,0
26720,0
26974,3
27121,0
27328,2
27461,0
27586,0
27769,1
27914,0
28083,1
28275,2
28403,0
28697,4
28889,1
29025,0
29212,1
29368,1
29515,0
29674,1
29867,2
30062,1
30226,1
30355,0
30488,0
30671,1
30878,2
31049,1
31187,0
31505,5
31715,2
31861,0
32084,3
32298,2
32474,1
32602,0
32811,2
32990,1
33122,0
33389,3
33528,0
33658,0
33824,1
34062,2
34272,2
34600,8
34734,0
34889,1
35075,2
35267,2
35493,2
35775,4
35980,2
36222,3
36452,3
36685,2
36997,5
37171,1
37332,1
37526,1
37704,1
37939,3
38109,1
38334,2
38501,1
38631,0
38759,0
38927,1
39109,1
39247,0
39419,1
39564,0
39767,2
39891,0
40114,2
40283,1
40433,0
40645,2
40848,2
40991,0
41181,2
41342,1
41488,0
41686,1
41873,1
42056,1
42190,0
42396,2
42582,2
42718,0
42842,0
43088,3
43230,0
43419,2
43561,0
43707,0
43898,1
44095,1
44268,1
44444,1
44576,0
44722,0
44851,0
45026,1
45301,3
45444,0
45626,1
45829,2
45967,0
46138,1
46270,0
46423,1
46606,1
46785,1
46988,2
47140,0
47306,1
47441,0
47592,0
47772,1
47912,0
48053,0
48220,1
48448,2
48623,1
48755,0
48925,1
49108,1
49292,1
49425,0
49580,0
49731,1
49874,0
50008,0
50146,0
50278,0
50455,1
50677,2
50850,1
50978,0
51174,1
51332,1
51564,3
51697,0
51847,0
52131,4
52325,2
52462,0
52584,0
52713,0
52920,2
53066,0
53240,1
53467,2
53665,1
53834,1
53971,0
54102,0
54230,0
54357,0
54486,0
54700,3
54823,0
54962,0
55091,0
55255,1
55394,0
55565,1
55729,1
55863,0
55997,0
56136,0
56309,1
56496,1
56680,1
56822,0
57001,1
57206,2
57477,4
57672,2
57834,1
58023,1
58202,1
58329,0
58480,1
58639,1
58770,0
58966,1
59169,2
59408,3
59591,1
59867,3
60027,1
60248,2
60390,0
60549,1
60734,1
60869,0
61084,2
61244,1
61387,0
61516,0
61692,1
61904,2
62071,1
62213,0
62485,3
62615,0
62748,0
62964,2
63123,1
63263,0
63474,2
63622,0
63902,4
64153,3
64318,1
64548,2
64677,0
64854,1
65026,1
65168,0
65389,2
65612,2
65784,1
66010,2
66238,2
66401,1
66605,2
66798,1
67013,2
67139,0
67311,1
67437,0
67658,2
67786,0
67922,0
68058,0
68237,1
68472,3
68610,0
68829,2
68965,0
69099,0
69431,5
69606,1
69741,0
69896,1
70040,0
70173,0
70356,1
70539,1
70675,0
70829,0
71143,4
71303,1
71533,3
71661,0
71831,1
71978,0
72163,2
72307,0
72449,0
72587,0
72718,0
72857,0
73051,2
73237,1
73378,0
73504,0
73640,0
73843,2
74045,1
74173,0
74345,1
74476,0
74612,0
74770,1
74958,2
75088,0
75249,1
75377,0
75514,0
75656,0
75942,4
76076,0
76210,0
76448,3
76625,1
76834,2
77061,2
77277,2
77406,0
77636,3
77761,0
77886,0
78019,0
78206,1
78482,4
78615,0
78757,0
78973,2
79103,0
79286,1
79445,1
79569,0
79710,0
79839,0
79994,1
80237,3
80372,0
80542,1
80720,1
80863,0
80997,0
81288,4
81449,1
81653,2
81826,1
82032,2
82201,1
82393,1
82524,0
82666,0
82807,0
82992,1
83152,1
83320,1
83626,5
83788,1
83920,0
84144,2
84278,0
84404,0
84657,3
84782,0
85089,4
85221,0
85357,0
85515,1
85688,1
85829,0
86062,3
86214,0
86348,0
86500,1
86685,1
86817,0
86981,1
87137,1
87272,0
87529,3
87696,0
87826,0
87962,0
88146,1
88319,1
88447,0
88644,2
88915,3
89103,1
89288,1
89420,0
89559,0
89698,0
89898,1
90102,2
90259,1
90389,0
90529,0
90714,1
90889,1
91044,0
91245,2
91429,1
91637,2
91820,2
91976,0
92110,0
92242,0
92383,0
92562,1
92698,0
92899,2
93106,2
93287,1
93492,2
93655,1
93790,0
93918,0
94054,0
94194,0
94397,2
94570,1
94703,0
94882,1
95043,1
95214,1
95409,2
95539,0
95673,0
95861,2
96125,3
96284,1
96438,1
96583,0
96718,0
96874,0
97074,2
97232,1
97538,5
97668,0
97860,1
98065,2
98195,0
98366,1
98526,1
98683,1
98882,2
99126,3
99329,2
99545,2
99730,1
99873,0
100084,2
100303,2
100456,1
100666,2
100797,0
100929,0
101056,0
101187,0
101332,0
101471,0
101755,4
101916,1
102066,0
102250,1
102471,2
102599,0
102842,3
103013,1
103161,0
103339,1
103544,2
103771,2
103929,1
104139,2
104275,0
104435,1
104658,2
104861,2
105115,3
105253,0
105385,0
105562,1
105749,1
105875,0
106082,2
106248,0
106461,2
106695,3
106860,1
107079,2
107246,1
107385,0
107604,2
107745,0
107922,1
108105,1
108302,2
108428,0
108639,2
108776,0
108967,2
109144,1
109314,1
109513,2
109656,0
109879,2
110134,3
110391,3
110562,1
110817,3
110982,1
111154,1
111325,1
111459,0
111642,1
111854,2
112012,1
112165,1
112421,3
112579,1
112763,1
112984,2
113201,2
113338,0
113580,2
113785,2
114002,2
114130,0
114341,2
114473,0
114737,3
114905,1
115040,0
115261,2
115391,0
115524,0
115669,0
115809,0
115984,1
116118,0
116254,0
116465,2
116595,0
116723,0
116926,2
117182,3
117378,2
117557,2
117731,1
117883,0
118016,0
118207,2
118337,0
118468,0
118607,0
118800,2
118997,2
119199,2
119332,0
119458,0
119616,1
119791,1
120047,3
120238,1
120384,0
120586,1
120788,2
121042,3
121224,1
121492,3
121653,1
121870,3
122046,1
122172,0
122313,0
122534,2
122697,1
122840,0
123016,1
123228,2
123374,0
123519,0
123670,0
123810,0
123952,0
124081,0
124368,4
124581,2
124709,0
124940,2
125202,3
125467,4
125745,3
125935,1
126076,0
126279,2
126455,1
126589,0
126850,3
127037,1
127240,2
127366,0
127535,1
127771,3
127969,1
128166,2
128369,2
128568,2
128840,7
128976,0
129245,3
129512,3
129636,0
129871,3
130023,1
130371,6
130587,2
130760,1
131061,4
131188,0
131341,0
131498,1
131639,0
131784,0
131953,1
132140,1
132351,2
132485,0
132700,2
132860,1
133008,0
133153,0
133287,0
133431,0
133655,2
133793,0
133920,0
134045,0
134194,0
134370,1
134634,3
134767,0
134923,1
135058,0
135191,0
135320,0
135488,1
135665,1
135879,3
136072,2
136286,2
136491,2
136634,0
136848,2
137085,3
137390,4
137541,0
137664,0
137842,1
137976,0
138109,0
138285,1
138486,2
138625,0
138800,1
138960,1
139103,0
139295,2
139440,0
139720,4
140038,5
140268,2
140402,0
140546,0
140688,0
140852,1
140983,0
141127,0
141470,5
141707,2
141878,1
142111,3
142248,0
142581,5
142720,0
142878,1
143163,3
143347,1
143534,2
143771,2
143958,2
144089,0
144395,4
144605,2
144774,1
144935,1
145077,0
145215,0
145515,4
145677,1
145866,1
146027,1
146410,6
146547,0
146749,2
146903,0
147053,0
147294,2
147458,1
147615,1
147752,0
147967,3
148139,1
148325,2
148479,1
148722,2
148873,0
149045,1
149265,2
149436,1
149636,1
149852,2
150057,2
150268,2
150433,1
150569,0
150726,1
150934,2
151100,1
151355,3
151500,0
151681,1
151875,2
152139,4
152295,0
152530,3
152680,0
152849,1
152982,0
153149,1
153354,2
153530,1
153676,0
153898,2
154043,0
154184,0
154386,2
154553,1
154842,4
155079,3
155334,3
155518,1
155665,0
155825,1
156059,3
156214,1
156353,0
156483,0
156735,3
156866,0
157088,2
157218,0
157391,1
157544,1
157754,2
157945,1
158083,0
158359,4
158492,0
158626,0
158931,4
159088,1
159222,0
159406,1
159644,3
159783,0
159961,1
160103,0
160263,1
160437,1
160618,1
160754,0
160973,2
161190,2
161321,0
161608,4
161814,2
161963,0
162105,0
162340,2
162569,3
162755,2
162937,1
163143,2
163357,2
163590,3
163762,1
163903,0
164165,3
164305,0
164478,1
164691,2
164834,0
165013,1
165206,2
165479,3
165606,0
165771,1
165971,2
166294,4
166539,3
166668,0
166802,0
167026,2
167194,1
167423,2
167608,2
167907,4
168119,2
168274,1
168562,4
168757,2
168959,2
169149,2
169281,0
169415,0
169636,2
169842,2
169971,0
170143,1
170308,1
170482,1
170642,1
170835,2
171094,3
171403,4
171539,0
171775,3
171916,0
172220,4
172450,2
172649,2
172786,0
172964,1
173126,1
173315,1
173621,4
173784,1
173922,0
174147,3
174354,2
174560,1
174739,1
174897,1
175036,0
175235,1
175430,2
175620,1
175779,1
175940,1
176104,1
176275,1
176473,1
176665,2
176873,1
177013,0
177199,1
177361,1
177573,3
177748,1
177974,2
178286,8
178451,1
178740,4
178950,2
179092,0
179265,1
179447,1
179617,1
179803,1
180005,2
180139,0
180292,0
180416,0
180632,2
180835,2
181006,1
181310,4
181445,0
181625,1
181759,0
181889,0
182087,1
182285,2
182418,0
182559,0
182753,2
182891,0
183069,1
183452,6
183669,3
183991,5
184123,0
184253,0
184386,0
184518,0
184724,2
184851,0
185053,2
185353,4
185516,1
185679,0
185841,1
186028,2
186263,2
186492,2
186696,2
186887,2
187063,1
187278,2
187420,0
187570,0
187791,2
188071,7
188298,3
188623,4
188770,0
188981,2
189209,3
189333,0
189464,0
189603,0
189961,6
190155,2
190325,1
190545,2
190704,0
190834,0
191094,3
191283,2
191520,3
191933,10
192065,0
192290,3
192439,0
192579,0
192730,0
192935,2
193136,2
193288,0
193426,0
193674,3
193970,5
194241,4
194504,3
194885,6
195096,2
195257,1
195422,1
195636,2
195805,1
195975,1
196146,1
196433,4
196562,0
196779,2
197036,3
197177,0
197349,1
197479,0
197696,2
197874,1
198031,1
198238,2
198582,5
198708,0
198914,2
199156,3
199324,1
199505,1
199927,6
200122,1
200316,2
200500,1
200706,2
200930,3
201087,1
201271,1
201531,3
201671,0
201805,0
201937,0
202112,1
202301,1
202437,0
202594,1
202786,1
202942,1
203155,2
203348,1
203509,1
203779,3
204055,4
204229,1
204459,3
204628,1
204845,3
204992,0
205200,2
205375,1
205580,2
205769,2
205930,1
206191,4
206405,2
206686,4
206889,2
207142,3
207357,3
207602,3
207766,1
207938,1
208118,1
208307,2
208628,5
208802,1
208977,1
209119,0
209247,0
209448,2
209698,2
209859,1
210095,3
210451,6
210675,2
210807,0
211035,3
211199,1
211381,1
211548,1
211817,4
211983,1
212117,0
212353,2
212564,2
212742,1
213018,4
213143,0
213272,0
213480,2
213746,3
213885,0
214124,3
214349,2
214476,0
214622,0
214879,3
215044,1
215266,2
215457,2
215625,1
215766,0
215961,2
216183,2
216427,4
216551,0
216746,2
216947,2
217219,4
217352,0
217594,3
217797,2
218013,3
218268,3
218466,1
218676,2
218846,1
219032,2
219196,1
219548,6
219704,1
219877,1
220194,5
220329,0
220560,2
220711,1
220881,1
221014,0
221255,3
221513,3
221644,0
221840,2
222079,3
222344,3
222496,1
222661,1
222871,2
223114,3
223488,7
223785,4
223951,1
224137,2
224322,2
224478,1
224617,0
224859,3
225058,2
225224,1
225429,2
225586,1
225941,6
226148,1
226363,2
226643,3
226773,0
227055,4
227181,0
227436,3
227562,0
227699,0
227889,2
228167,4
228347,1
228552,2
228975,10
229109,0
229280,1
229471,2
229666,2
229851,1
230055,2
230208,1
230457,3
230595,0
230736,0
230964,2
231187,3
231435,3
231604,1
231889,4
232139,3
232345,2
232536,1
232871,5
233129,7
233315,2
233518,2
233846,5
234291,7
234529,3
234661,0
234839,1
235034,2
235158,0
235321,1
235522,2
235730,2
235998,7
236289,4
236496,2
236697,2
236958,3
237146,2
237369,2
237616,3
237840,3
238060,2
238190,0
238411,3
238630,2
238849,2
239091,3
239301,2
239437,0
239774,7
239945,1
240135,2
240456,4
240676,3
240962,4
241086,0
241264,1
241486,2
241631,0
241869,3
242148,4
242408,3
242633,3
242916,4
243091,1
243322,3
243484,1
243688,2
243872,2
244053,1
244233,1
244442,2
244638,2
244770,0
244908,0
245093,2
245296,2
245524,3
245722,2
245944,3
246171,3
246328,1
246601,4
246807,2
247126,5
247498,5
247667,1
247916,3
248113,2
248403,4
248678,4
248881,2
249017,0
249202,2
249585,6
249835,4
250038,2
250284,3
250501,3
250704,2
250883,1
251068,2
251471,7
251767,4
252135,6
252395,3
252698,4
252926,2
253155,3
253355,2
253547,2
253711,1
253985,4
254168,1
254296,0
254562,3
254728,1
254854,0
255014,1
255176,1
255331,1
255539,2
255810,4
255973,1
256145,1
256279,0
256562,4
256780,2
257129,6
257299,1
257664,9
257863,2
258149,4
258315,1
258505,2
258655,0
258786,0
258990,2
259369,6
259540,1
259837,4
260081,3
260447,6
260664,2
261002,4
261298,5
261538,3
261806,4
262060,3
262254,2
262473,2
262754,3
262971,2
263223,3
263472,3
263721,3
263899,1
264150,3
264380,2
264532,0
264817,3
264980,1
265122,0
265250,0
265446,2
265672,3
265878,2
266118,3
266314,2
266512,2
266766,3
267096,5
267359,4
267489,0
267631,0
267888,4
268101,2
268346,3
268600,3
268951,5
269217,4
269476,3
269682,2
269902,2
270072,1
270238,1
270480,3
270664,2
270869,2
271098,2
271382,5
271626,3
271813,1
271990,1
272183,2
272414,3
272705,8
272871,1
273147,4
273372,3
273566,2
273823,3
273958,0
274168,2
274485,5
274745,4
274883,0
275257,6
275415,1
275599,1
275918,4
276100,1
276321,2
276558,3
276770,2
276961,2
277145,1
277520,6
277672,0
277826,1
278071,4
278323,4
278509,2
278795,3
278925,0
279276,6
279473,2
279699,3
279862,1
280061,2
280368,4
280661,3
280975,8
281111,0
281328,2
281587,3
281832,3
282010,1
282227,2
282383,0
282735,5
282991,3
283261,4
283490,3
283634,0
283961,5
284159,2
284364,2
284548,1
284828,4
284973,0
285131,0
285386,3
285637,3
286026,6
286187,1
286427,3
286630,2
286943,4
287143,2
287339,1
287548,2
287776,2
288048,4
288277,2
288506,3
288675,1
288925,3
289120,1
289386,3
289594,2
289836,3
290061,2
290358,4
290536,1
290700,1
290892,2
291043,0
291303,4
291704,6
291850,0
292023,1
292169,0
292402,3
292532,0
292773,3
292913,0
293136,2
293283,0
293467,2
293635,1
293823,1
294058,3
294409,6
294640,3
294900,3
295052,1
295257,2
295498,3
295736,3
295969,3
296132,1
296323,2
296543,2
296819,4
296946,0
297186,3
297345,1
297594,3
297823,3
297995,1
298216,2
298450,2
298641,2
298864,3
299220,5
299535,8
299732,2
300063,5
300269,2
300450,1
300648,2
300861,2
301171,4
301324,1
301483,1
301736,3
301930,2
302112,2
302350,3
302527,1
302828,4
303085,3
303285,2
303528,3
303756,3
304052,7
304230,1
304474,3
304721,3
304923,2
305089,1
305286,2
305455,1
305624,1
305822,1
306048,3
306379,5
306551,1
306728,1
307016,7
307202,2
307345,0
307501,1
307698,2
307879,1
308126,3
308315,2
308468,0
308695,3
308906,2
309153,3
309437,4
309639,2
309858,3
310051,2
310278,2
310436,1
310598,1
310749,1
311077,5
311251,1
311412,1
311684,4
311815,0
312018,2
312341,5
312557,2
312718,1
312933,2
313143,2
313362,3
313625,3
313936,5
314162,3
314460,5
314599,0
314826,3
315019,2
315246,3
315568,8
315731,1
315951,2
316227,4
316447,3
316687,3
316810,0
317102,5
317263,1
317530,3
317716,2
317954,3
318242,5
318512,4
318753,3
319093,5
319317,3
319519,2
319790,3
320101,5
320338,3
320604,4
320825,3
321074,3
321297,2
321479,1
321640,1
321797,1
322025,3
322212,1
322566,5
322817,3
322996,0
323252,3
323584,5
323743,1
323992,3
324161,1
324362,2
324677,5
324879,2
325130,3
325416,4
325644,2
325901,4
326188,4
326316,0
326603,4
326934,9
327136,2
327411,4
327664,4
327893,3
328078,1
328425,7
328618,2
328851,3
329126,4
329594,8
329792,2
329995,2
330178,2
330340,1
330508,1
330726,3
330974,4
331253,4
331498,3
331693,2
332128,8
332335,2
332552,2
332868,5
333202,5
333494,4
333781,11
334009,3
334168,1
334451,4
334656,2
334825,1
335112,4
335346,3
335672,12
336002,6
336211,2
336453,3
336712,7
336953,3
337153,2
337356,2
337512,1
337797,4
338169,6
338461,4
338690,3
338872,2
339204,5
339393,2
339540,0
339849,8
340076,3
340282,2
340468,2
340712,3
340969,4
341200,3
341384,1
341695,5
341930,2
342089,1
342263,1
342493,3
342779,11
343000,3
343277,8
343520,3
343693,1
343930,3
344192,4
344454,3
344686,3
344914,2
345199,4
345599,7
345863,3
346160,4
346463,5
346922,10
347078,1
347361,4
347728,5
347990,4
348191,2
348460,4
348757,5
349043,4
349204,1
349501,8
349854,6
350086,3
350292,2
350519,2
350814,4
351031,3
351371,5
351494,0
351746,4
352036,8
352403,5
352622,3
352862,3
353049,2
353306,3
353569,4
353851,3
354009,1
354583,14
354857,4
355156,4
355284,0
355746,8
356151,6
356284,0
356439,1
356611,1
356800,2
357017,3
357292,4
357550,3
357712,1
357870,1
358042,1
358377,6
358566,2
358846,4
359097,3
359286,2
359524,3
359681,1
359909,3
360163,3
360402,3
360606,2
360794,2
360955,1
361079,0
361420,5
361679,7
361834,1
362087,4
362302,3
362546,3
362824,4
363101,3
363238,0
363470,3
363806,9
364005,2
364225,3
364481,7
364704,2
364833,0
365145,5
365336,2
365650,4
365885,3
366302,11
366474,1
366831,6
367059,3
367279,3
367507,3
367749,3
367935,2
368091,1
368409,5
368608,2
368767,1
368989,3
369331,6
369558,3
369820,4
369977,1
370228,3
370427,2
370663,3
370789,0
371046,7
371254,2
371548,5
371720,1
371942,2
372080,0
372344,4
372549,2
372801,4
373090,4
373460,6
373671,2
373901,3
374142,3
374332,2
374680,6
374836,1
375210,6
375426,3
375661,3
375844,2
376025,2
376259,3
376416,1
376669,3
376923,4
377105,2
377279,1
377496,3
377651,1
377884,3
378187,4
378310,0
378532,3
378655,0
379196,11
379413,3
379567,1
379892,9
380082,2
380211,0
380500,5
380671,1
380889,3
381136,4
381377,3
381551,1
381863,5
382089,3
382217,0
382426,3
382579,1
382815,3
383044,3
383227,2
383581,6
383810,3
384023,2
384273,4
384639,7
384859,2
385012,1
385137,0
385392,3
385574,2
385726,1
385905,2
386108,2
386290,2
386489,2
386646,1
386905,4
387119,3
387276,1
387459,2
387611,1
387812,2
388088,4
388320,3
388473,1
388701,3
388928,3
389110,2
389282,1
389407,0
389615,2
389801,2
390117,5
390304,2
390430,0
390630,2
390878,3
391204,6
391359,1
391612,3
391856,3
392038,2
392220,2
392426,2
392613,2
392770,1
392970,2
393151,2
393366,3
393540,1
393693,1
393942,3
394067,0
394298,3
394516,3
394716,2
395012,5
395173,1
395297,0
395528,3
395654,0
395836,2
396016,2
396231,3
396449,3
396719,4
397026,5
397178,1
397362,2
397519,1
397646,0
397771,0
397925,1
398274,5
398444,1
398847,6
398998,1
399226,3
399510,5
399693,2
399969,4
400092,0
400320,3
400607,4
400972,7
401173,2
401344,1
401606,4
401795,2
401978,2
402101,0
402375,5
402526,1
402824,4
403097,3
403418,4
403681,4
403960,4
404305,6
404504,2
404717,3
404899,2
405097,2
405327,3
405631,4
405829,2
406076,3
406354,4
406583,3
406769,2
406971,2
407222,3
407469,3
407680,3
407864,2
408177,5
408301,0
408678,6
408878,2
409059,2
409258,2
409458,2
409691,3
409842,1
409966,0
410094,0
410264,1
410393,0
410674,8
410850,1
411002,1
411205,2
411434,3
411661,3
411873,3
412031,1
412214,2
412395,2
412597,2
412751,1
413002,3
413188,2
413507,4
413683,1
413895,3
414159,4
414381,2
414582,2
414781,2
414904,0
415146,4
415422,4
415655,3
415908,3
416180,3
416362,2
416593,3
416779,2
416950,1
417102,1
417285,2
417517,3
417668,1
417932,4
418087,1
418212,0
418435,3
418694,4
419031,6
419217,2
419342,0
419637,4
419914,4
420116,2
420329,3
420510,2
420858,5
421014,1
421261,3
421478,2
421606,0
421837,3
422080,3
422302,2
422566,4
422717,1
422979,4
423174,2
423326,1
423547,3
423842,4
424013,1
424147,0
424330,2
424514,2
424758,4
424988,3
425201,2
425428,3
425641,3
425917,4
426181,4
426381,2
426532,1
426809,4
427202,7
427371,1
427544,1
427761,2
428063,4
428281,3
428547,4
428895,8
429103,2
429305,2
429429,0
429631,2
429926,4
430076,1
430356,4
430507,1
430675,1
430876,2
431108,3
431368,4
431634,4
431803,1
432062,3
432327,4
432635,5
432849,3
433047,2
433313,4
433495,2
433705,3
434064,6
434219,1
434400,2
434553,1
434829,4
435017,2
435188,1
435435,3
435608,1
435763,1
435885,0
436201,5
436479,4
436712,2
436837,0
437052,3
437382,5
437504,0
437704,2
438014,5
438211,2
438361,1
438625,4
438832,2
438986,1
439229,3
439444,3
439624,2
439777,1
440007,3
440222,3
440347,0
440498,1
440667,1
440947,4
441327,7
441527,2
441677,1
441859,2
442095,3
442374,4
442682,6
443105,7
443289,2
443473,2
443849,7
444155,4
444491,6
444659,1
444845,2
445111,3
445359,3
445483,0
445687,2
445875,2
446000,0
446200,2
446467,4
446698,3
446902,2
447140,3
447321,2
447502,2
447700,2
448000,4
448184,2
448441,4
448738,5
449001,4
449221,2
449394,1
449566,1
449718,1
449972,3
450236,4
450416,2
450585,1
450740,1
451038,4
451299,4
451543,3
451751,2
451956,2
452289,6
452457,1
452690,3
452891,2
453138,3
453338,2
453658,4
454007,5
454287,5
454457,1
454771,9
454898,0
455148,3
455425,4
455643,2
455793,1
455943,1
456168,3
456408,3
456591,2
456918,5
457179,4
457304,0
457551,4
457810,4
457983,1
458213,3
458464,3
458758,5
459073,5
459333,4
459537,2
459660,0
459848,2
460095,3
460275,2
460520,3
460794,4
461096,5
461276,2
461684,7
461961,4
462285,5
462470,2
462686,3
462883,2
463148,4
463321,1
463550,3
463738,2
463922,2
464126,2
464339,3
464555,2
464880,5
465178,5
465452,4
465676,2
465847,1
466061,3
466219,1
466561,6
466919,6
467271,6
467532,4
467775,4
468055,4
468378,5
468661,4
468992,5
469331,6
469615,4
469982,6
470293,5
470569,4
470741,1
470989,3
471271,4
471503,3
471874,7
472059,2
472279,3
472406,0
472655,3
472885,3
473291,7
473508,2
473790,4
474190,7
474504,5
474720,3
474948,3
475198,3
475450,3
475744,4
475971,3
476179,2
476364,2
476537,1
476800,4
477060,3
477416,6
477665,3
477856,2
477980,0
478339,6
478543,2
478717,1
478843,0
479014,1
479235,2
479437,2
479636,2
479791,1
480056,4
480330,4
480551,2
480764,3
481075,5
481358,4
481549,2
481928,7
482140,3
482262,0
482491,3
482812,5
482982,1
483108,0
483307,2
483488,2
483675,2
484069,6
484321,3
484449,0
484627,1
484891,4
485122,3
485344,2
485595,3
486044,10
486308,4
486467,1
486638,1
486762,0
486942,2
487158,3
487348,2
487564,3
487797,3
488001,2
488308,5
488507,2
488816,5
489076,4
489387,4
489567,1
489767,2
489998,3
490153,1
490321,1
490550,3
490804,7
491083,4
491346,4
491569,3
491814,4
492027,3
492357,5
492573,3
493038,8
493190,1
493415,2
493589,1
493928,6
494058,0
494264,2
494455,2
494847,7
495230,7
495413,2
495602,2
495839,3
496023,2
496241,2
496423,2
496546,0
496841,5
496997,1
497148,1
497354,2
497735,6
497988,3
498143,1
498441,4
498611,1
498794,2
499020,2
499364,6
499489,0
499614,0
499890,4
500105,3
500421,5
500689,3
501003,5
501186,2
501484,8
501687,2
501925,3
502154,3
502376,2
502641,4
502767,0
503014,4
503349,5
503534,2
503661,0
503892,3
504065,1
504295,3
504420,0
504577,1
504814,3
505014,2
505199,2
505444,3
505572,0
505794,2
506116,5
506244,0
506405,1
506630,2
506949,6
507153,2
507381,3
507516,0
507647,0
507994,5
508209,2
508411,2
508538,0
508993,9
509287,4
509568,4
509876,5
510130,3
510299,1
510424,0
510679,3
510883,2
511011,0
511214,2
511401,2
511699,5
511823,0
512038,3
512344,8
512588,3
512937,5
513165,3
513420,3
513627,2
513844,3
514029,2
514180,1
514512,5
514876,5
515003,0
515311,4
515547,3
515701,1
515876,1
516102,3
516442,6
516674,3
516953,4
517150,2
517275,0
517631,6
517836,2
518143,4
518496,5
518669,1
519004,5
519249,7
519710,10
519879,1
520130,3
520378,3
520661,4
520916,3
521203,4
521462,3
521792,5
521967,1
522316,6
522770,9
523048,4
523357,5
523512,1
523666,1
523869,2
524203,6
524450,3
524623,1
524852,3
524980,0
525129,0
525438,5
525572,0
525761,2
526153,6
526528,6
526940,7
527139,2
527381,4
527588,2
527841,3
528102,3
528282,1
528522,3
528741,2
529012,4
529195,2
529320,0
529444,0
529696,3
529828,0
530120,4
530245,0
530368,0
530634,3
530809,1
531108,4
531233,0
531422,2
531552,0
531676,0
531803,0
531932,0
532142,2
532265,0
532400,0
532572,1
532697,0
532988,5
533118,0
533276,1
533400,0
533526,0
533791,4
533921,0
534175,3
534373,2
534495,0
534698,2
534822,0
535044,2
535232,2
535404,1
535575,1
535859,4
536081,2
536284,2
536532,3
536690,1
536909,2
537116,2
537465,5
537590,0
537718,0
537892,1
538111,2
538242,0
538633,6
538821,2
539067,4
539201,0
539326,0
539458,0
539895,8
540023,0
540153,0
540311,1
540441,0
540797,6
540948,1
541248,5
541403,1
541604,2
541731,0
541909,1
542114,2
542369,3
542497,0
542794,4
542922,0
543236,4
543519,4
543645,0
543873,3
544244,6
544475,3
544784,5
544910,0
545082,1
545384,4
545670,4
545845,1
546109,4
546237,0
546440,2
546745,5
547083,6
547284,2
547562,4
547693,0
547818,0
548018,2
548318,4
548470,1
548801,4
548930,0
549055,0
549365,5
549522,1
549729,2
549854,0
550038,2
550169,0
550387,3
550640,7
550893,3
551115,2
551297,2
551623,6
552042,14
552210,1
552489,4
552659,1
552998,6
553225,3
553457,3
553580,0
553704,0
553828,0
553955,0
554175,2
554460,4
554583,0
554961,6
555309,6
555584,4
555736,1
555951,3
556153,2
556459,4
556703,3
556909,2
557156,3
557430,3
557648,3
557830,2
557980,1
558381,6
558505,0
558710,2
558937,3
559196,4
559481,4
559786,5
559938,1
560092,1
560465,7
560772,4
560988,2
561357,6
561687,5
561868,2
562164,4
562349,2
562564,3
562714,1
562936,2
563172,3
563387,3
563605,3
563730,0
563948,2
564196,3
564512,5
564668,1
564865,2
565122,4
565307,2
565538,3
565916,6
566191,4
566447,3
566680,3
566955,4
567189,3
567388,2
567540,1
567666,0
567891,2
568151,4
568274,0
568658,7
568904,3
569088,2
569348,4
569532,2
569731,2
569882,1
570127,4
570329,2
570578,3
570805,3
571020,3
571221,2
571481,4
571810,5
572062,3
572261,2
572557,4
572758,2
572987,3
573115,0
573440,5
573637,2
573809,1
574082,3
574363,4
574633,4
574893,4
575172,4
575452,4
575907,9
576031,0
576262,3
576553,5
576724,1
576858,0
577208,5
577521,5
577740,2
577922,2
578215,4
578530,4
578776,3
579136,13
579338,2
579682,5
579928,3
580155,3
580413,4
580612,2
580900,4
581099,2
581251,1
581497,3
581792,8
582040,3
582269,3
582469,2
582652,2
582927,4
583125,2
583337,3
583632,4
584026,10
584376,5
584613,3
584811,2
585117,5
585314,2
585719,7
586206,9
586536,5
586854,5
587115,4
587500,7
587859,9
588145,5
588318,1
588618,5
588903,4
589154,3
589368,2
589658,5
589782,0
590045,4
590168,0
590690,14
590937,3
591170,3
591614,8
591894,4
592175,4
592498,5
592758,4
593004,3
593232,2
593560,6
593841,4
594150,4
594408,4
594638,3
594938,5
595285,6
595658,6
595990,6
596191,2
596470,4
596833,6
597294,9
597600,5
597925,5
598209,4
598574,6
598915,6
599232,4
599530,4
599951,8
600241,4
600628,10
600802,1
601064,4
601420,9
601755,5
601956,2
602200,3
602372,1
602733,6
603032,4
603207,1
603549,6
603914,6
604202,4
604478,4
604896,8
605142,3
605492,6
605800,5
606188,7
606735,10
607133,6
607349,3
607663,5
607815,1
607998,2
608408,7
608605,2
608862,4
609172,5
609444,4
609809,6
610056,4
610440,7
610645,2
610891,4
611200,5
611454,4
611828,7
612058,3
612273,3
612573,8
612846,4
613186,6
613515,5
613817,5
614221,7
614505,4
614802,8
615149,5
615380,3
615689,8
616049,6
616310,4
616507,2
616755,3
616988,3
617328,6
617720,7
617932,3
618131,2
618523,7
618880,6
619080,2
619277,2
619739,9
619889,1
620071,2
620410,6
620671,4
620964,5
621262,4
621522,4
621932,7
622283,6
622606,5
622803,2
623033,3
623392,6
623574,2
624140,11
624455,6
624683,3
624977,4
625204,3
625539,6
625994,11
626399,8
626744,6
627072,5
627398,5
627641,4
627853,3
628081,3
628518,8
628808,5
629232,12
629526,5
629698,1
629987,5
630296,5
630514,3
630806,5
631171,6
631466,5
631744,4
632121,7
632561,8
633033,8
633365,5
633674,5
633935,4
634272,6
634629,10
635059,15
635387,9
635694,5
636049,6
636376,6
636788,7
637286,10
637487,2
637727,4
638181,9
638537,6
639045,10
639371,5
639618,3
640104,10
640415,5
640820,7
641175,6
641529,6
641847,5
642132,4
642440,5
642818,10
643220,6
643691,12
643965,4
644276,5
644583,5
644928,6
645248,5
645603,6
645995,7
646560,11
646946,7
647318,7
647583,4
647927,6
648205,5
648405,2
648685,3
649039,6
649511,9
649894,7
650341,8
650638,5
651078,16
651435,7
652029,15
652315,4
652655,6
653250,12
653572,6
653989,8
654540,14
654918,7
655198,5
655694,10
655875,2
656188,8
656534,6
657048,11
657336,5
657801,19
658146,6
658473,5
658831,6
659202,7
659642,8
659968,6
660359,7
660857,13
661238,7
661530,4
661805,4
662428,13
662824,6
663173,6
663567,7
664120,11
664484,7
665015,13
665478,10
665802,6
666342,11
666747,8
667221,9
667553,9
667990,9
668314,5
668757,8
669081,5
669543,12
670250,21
670626,14
670942,6
671445,10
671690,4
672060,7
672407,6
673013,16
673392,7
673778,9
674178,8
674689,11
675064,7
675456,7
675888,9
676262,7
676553,5
677093,14
677475,6
677721,3
678132,8
678474,6
678862,7
679254,11
679549,4
679844,4
680165,6
680727,15
681235,10
681594,9
682119,11
682692,14
683068,7
683624,12
684095,13
684730,16
685130,7
685517,7
685842,5
686336,10
686741,7
687217,9
687654,8
687924,3
688254,5
688544,5
688871,5
689179,5
689624,8
690067,9
690568,13
691073,9
691773,18
692098,9
692404,5
692629,3
693103,9
693574,9
694083,10
694821,19
695306,13
695743,8
696126,7
696629,14
697012,7
697368,6
697740,6
698096,6
698494,7
699017,11
699297,8
699849,12
700216,7
700417,2
700819,8
701148,6
701505,6
701939,8
702390,9
702812,8
703205,7
703623,7
703886,4
704206,6
704656,8
705135,11
705546,10
705921,8
706263,6
706735,15
707143,8
707714,13
708351,17
708778,12
709320,11
709648,6
709923,4
710260,6
710642,7
711281,17
711636,6
712098,9
712522,9
712898,6
713382,12
713608,3
714082,9
714440,6
714782,6
715245,9
715735,10
716403,15
716989,11
717477,11
717836,6
718242,9
718775,11
719288,12
719789,13
720372,15
720919,13
721501,15
722075,11
722478,7
722760,4
723317,11
723565,3
723908,6
724418,14
724843,9
725333,9
725768,8
726080,9
726589,11
727090,13
727422,7
727825,7
728307,12
728921,13
729373,9
729843,10
730336,16
730907,12
731237,5
731592,6
732267,18
732800,12
733317,10
733851,11
734358,13
734908,17
735385,11
735863,13
736486,16
736845,7
737122,4
737511,7
737854,6
738159,5
738497,6
738846,6
739466,14
740027,14
740540,10
740998,9
741427,8
741877,9
742318,10
742685,7
743167,10
743463,5
744004,14
744371,7
744861,11
745241,7
745815,15
746322,10
746647,5
747093,11
747402,5
747933,10
748383,9
748928,11
749281,5
749807,18
750315,11
750699,8
751041,6
751447,7
751874,9
752250,7
752946,20
753373,12
753763,6
754335,12
755042,22
755619,14
756350,19
756943,12
757529,16
758022,11
758261,3
758660,7
759280,17
759599,6
760048,9
760632,13
761372,16
761912,11
762537,14
763088,11
763696,13
764130,8
764611,10
765181,17
765545,6
766039,11
766582,14
767251,16
767782,14
768225,9
768781,12
769166,7
769712,13
770218,11
770729,11
771270,18
771752,13
772284,12
772700,8
773220,18
773546,6
774011,10
774535,10
775028,13
775428,8
776120,16
776478,7
777029,11
777422,8
778301,24
778811,14
779607,20
779988,7
780576,13
781031,8
781542,11
782059,10
782487,8
783069,11
783511,9
784101,12
784820,21
785245,9
785734,9
786117,7
786600,17
787033,8
787641,16
787959,6
788467,15
788746,4
789085,6
789541,10
789984,8
790655,18
791119,9
791495,7
791871,7
792520,20
792871,6
793449,19
793880,9
794436,13
795067,12
795483,8
795913,8
796524,14
796972,9
797499,14
797986,10
798626,17
799154,12
799762,13
800249,11
800583,6
801218,16
801756,15
802298,20
802821,16
803354,10
803839,10
804439,12
805016,11
805605,13
806498,38
806963,10
807462,10
807983,10
808408,13
809044,20
809612,11
810188,13
810512,6
811077,12
811676,14
812252,17
812807,13
813432,15
813922,13
814559,18
815131,11
815615,10
816167,14
816707,14
817314,13
817795,11
818255,9
818675,9
819242,12
819809,13
820241,9
820945,17
821420,9
821912,11
822676,20
823354,15
823805,12
824602,27
825337,23
825903,17
826478,15
827133,18
827748,13
828331,12
828834,11
829315,14
829914,17
830359,9
830834,10
831456,14
832279,30
832796,12
833496,23
834228,22
834869,15
835430,12
836239,22
837056,26
837548,10
838249,15
838848,16
839421,15
840199,25
840772,12
841360,13
841912,22
842459,13
843037,16
843691,19
844230,19
844903,17
845429,11
845944,11
846542,13
847152,16
847871,28
848388,15
849016,15
849777,17
850427,17
850914,10
851426,15
852181,16
852682,11
853139,9
853633,12
854293,18
855031,19
855490,9
856148,21
856799,17
857644,26
858255,14
858714,10
859369,21
859920,18
860591,18
861179,11
861720,16
862390,18
862928,10
863593,19
864063,9
864835,25
865519,16
866286,17
866868,12
867464,14
867841,8
868575,18
869201,14
869733,12
870266,25
870878,14
871364,10
871982,13
872564,11
873130,16
873765,20
874275,11
874748,17
875407,14
875860,10
876451,12
877033,20
877711,15
878297,21
878908,17
879432,12
880055,17
880763,15
881243,13
881834,14
882487,26
882960,9
883555,16
884000,9
884614,18
885367,18
885762,7
886247,15
886682,9
887435,25
888231,23
888815,13
889513,17
890366,20
890868,9
891589,20
892235,19
892935,18
893513,12
894314,19
894771,9
895515,24
896008,11
896510,11
897146,18
897661,12
898371,15
899306,28
900196,27
900871,18
901603,23
902201,17
902641,10
903255,14
903961,20
904481,11
905120,15
905843,16
906582,25
907128,15
907634,11
908159,12
908713,13
909342,15
909976,13
910663,16
911318,19
912175,31
912743,18
913192,22
913783,16
914484,18
915302,31
916020,18
916569,13
917449,20
918130,19
918829,17
919341,11
919932,13
920457,12
921354,24
922086,20
922805,20
923555,23
924246,18
924976,20
925884,25
926418,12
926772,6
927504,24
928251,21
928915,19
929447,12
930175,18
930832,17
931318,14
932049,24
932678,14
933415,28
934162,18
934720,13
935447,18
936136,21
937059,36
937900,28
938613,27
939295,19
939886,12
940738,28
941674,31
942350,19
942810,10
943565,17
944152,17
944748,20
945825,37
946381,16
947127,20
947623,18
948450,20
949140,20
949927,27
950580,15
951259,16
951928,16
952547,19
953391,24
953932,19
954776,25
955336,12
956062,20
956861,22
957818,30
958218,8
958997,23
959730,21
960587,20
961341,20
962155,23
962808,15
963488,17
964335,29
965043,16
965631,14
966194,13
967010,23
967560,13
968351,23
968999,14
969655,22
970486,24
971455,26
972264,17
973144,24
973932,19
974576,19
975291,23
976086,25
976763,24
977361,15
977987,14
978863,26
979523,18
980245,20
980638,9
981532,22
982256,20
982877,13
983469,12
984096,14
984822,16
985489,19
986553,28
987514,29
988380,32
989157,29
990188,24
990812,17
991757,24
992677,25
993075,8
993637,12
994588,30
995055,13
995728,18
996498,23
997068,15
998192,29
998593,9
999806,46
1000534,20
1001364,30
1002335,31
1003454,28
1004204,22
1005162,30
1005643,11
1006461,25
1007193,26
1008077,30
1009055,30
1009794,21
1010572,19
1011218,20
1011983,26
1012839,37
1013809,34
1014338,13
1015441,35
1016103,15
1016847,27
1017495,19
1018125,17
1018627,11
1019403,22
1020311,27
1021869,57
1022956,32
1024143,51
1024944,22
1025812,26
1026421,17
1027513,37
1028246,23
1029084,27
1029901,19
1030819,29
1031773,35
1032524,25
1033252,21
1034070,27
1034669,17
1035451,25
1036390,36
1037150,18
1037964,24
1038999,26
1039820,21
1040958,32
1041745,21
1042609,38
1043434,30
1044234,20
1045297,42
1046292,25
1047132,24
1048228,34
1049216,33
1050073,24
1051136,31
1051738,14
1052900,41
1053612,26
1054618,26
1055929,48
1056558,22
1057846,46
1058656,26
1059698,38
1060725,34
1061596,33
1062191,17
1062784,13
1063750,36
1064550,28
1065154,18
1066142,28
1067029,36
1067479,16
1068241,22
1068989,23
1069832,26
1070908,34
1071597,24
1072456,29
1073561,40
1074286,17
1075145,35
1076315,28
1076991,18
1078110,43
1078760,21
1079403,13
1080322,25
1081408,36
1082608,52
1083669,40
1084201,15
1085297,36
1086664,51
1087557,34
1088543,28
1089859,37
1090738,35
1091672,34
1093008,46
1093626,15
1094568,30
1095440,29
1096425,24
1097156,15
1098059,33
1098879,27
1099624,26
1100614,29
1101393,22
1102082,23
1102901,27
1104020,37
1105103,40
1105864,24
1106904,30
1107582,19
1108336,25
1109422,41
1110102,18
1111184,48
1112093,32
1113095,36
1114185,38
1114908,24
1115518,21
1116349,37
1118088,67
1119296,43
1120349,30
1121213,31
1121914,17
1122909,25
1123485,13
1124601,45
1125375,33
1126310,36
1126993,31
1127752,22
1128944,44
1129889,37
1130511,15
1131648,53
1133082,78
1134121,38
1135024,30
1135886,28
1136359,14
1137094,22
1138460,57
1139302,29
1139801,18
1140502,17
1141424,32
1142140,17
1143041,35
1143784,28
1144992,38
1145723,16
1146953,30
1147766,33
1148784,38
1149397,17
1150350,32
1151324,30
1151981,24
1152571,13
1153482,31
1154292,39
1154969,15
1156098,38
1157099,40
1157722,16
1158832,52
1159932,35
1161044,39
1162160,45
1162963,33
1163724,24
1164583,31
1165362,23
1166086,25
1167071,32
1167684,18
1168576,33
1169859,54
1170819,34
1171867,52
1172989,43
1173487,15
1173966,9
1174945,25
1175970,39
1176914,26
1177821,30
1178742,31
1179648,37
1180809,44
1181652,24
1182467,40
1183311,28
1184039,28
1185273,49
1186160,30
1187018,31
1187766,19
1188763,44
1189964,33
1190810,25
1191758,28
1192655,49
1193572,27
1194326,22
1195055,21
1195995,31
1196852,34
1197965,39
1198735,32
1199613,28
1200713,38
1201392,29
1202429,33
1203373,34
1204507,40
1205233,28
1206092,27
1206964,31
1207831,28
1208559,20
1209567,35
1210162,20
1211034,29
1211630,12
1212557,32
1213554,33
1214438,26
1215414,46
1216210,26
1217004,30
1217993,34
1219067,41
1220014,29
1220957,25
1221885,26
1222965,33
1224097,31
1224919,33
1225514,18
1226602,37
1227611,33
1228644,32
1229457,27
1230282,20
1231346,26
1232368,35
1233311,33
1234202,41
1234899,20
1235753,19
1236348,21
1237407,32
1238636,49
1239430,28
1240507,40
1241130,22
1241748,21
1242605,35
1243394,22
1244180,22
1245217,39
1246094,30
1247275,39
1248058,22
1249043,38
1249795,22
1250936,37
1251753,27
1252606,32
1253487,33
1254084,28
1255053,35
1255816,26
1256943,36
1258159,42
1259182,34
1259806,25
1260697,23
1261487,21
1262154,19
1262799,22
1263881,41
1265098,48
1265940,23
1266565,28
1267548,38
1268527,38
1269521,44
1270356,24
1271085,21
1272115,52
1272910,31
1273876,35
1275059,44
1276146,45
1276793,18
1277768,37
1278748,34
1279876,38
1280772,28
1282045,51
1282737,16
1283803,34
1284596,26
1285596,34
1286610,25
1287636,51
1288680,29
1289932,42
1290964,30
1291571,15
1292532,37
1293237,18
1293891,16
1294722,23
1295549,27
1296635,30
1297491,27
1298386,32
1299264,34
1300150,24
1301044,30
1302185,38
1303238,38
1304109,28
1304790,20
1305737,30
1306614,33
1307537,32
1308711,42
1309858,30
1311236,58
1312141,32
1313139,38
1314109,26
1315163,39
1316057,33
1317421,44
1318471,35
1319778,45
1320841,36
1321753,26
1322494,21
1323537,44
1324308,27
1325620,35
1326759,40
1327592,27
1328663,31
1329602,36
1330803,39
1331526,20
1332668,48
1333518,25
1334372,28
1335269,31
1336046,41
1336789,25
1337538,36
1338513,33
1339210,23
1340240,45
1341198,28
1342223,40
1343347,37
1344424,42
1345416,33
1346586,36
1347355,19
1348712,39
1349458,27
1350017,13
1351145,40
1352028,27
1352787,24
1353679,26
1354599,37
1355485,38
1356414,28
1357534,63
1358716,45
1359729,36
1360585,28
1361731,50
1362693,33
1364017,40
1365019,34
1365655,23
1366601,38
1367434,23
1368892,49
1369789,35
1370601,23
1371403,37
1372014,30
1372882,35
1373828,32
1374950,36
1375895,31
1376955,42
1377983,45
1378661,19
1379876,46
1381133,62
1382120,37
1383254,39
1384329,36
1385286,33
1385885,17
1386692,36
1387854,49
1388655,29
1389640,32
1390514,29
1391491,39
1392854,50
1393689,25
1394515,21
1395589,50
1396504,24
1397301,29
1398417,43
1399009,26
1399709,23
1401071,51
1402305,42
1403106,29
1404049,32
1404668,21
1405835,50
1406841,35
1407901,35
1408839,27
1409734,26
1410621,30
1411878,48
1412399,12
1413213,27
1414205,35
1415289,51
1416376,34
1417964,63
1419034,43
1419998,31
1420713,17
1421530,28
1422317,26
1423542,40
1424210,26
1425355,45
1426393,41
1427556,54
1428298,18
1429244,35
1430006,29
1431041,40
1431862,23
1432306,9
1432938,18
1434180,48
1434888,16
1435614,24
1436220,17
1437224,30
1438174,40
1439053,35
1439882,26
1440858,36
1441920,40
1442782,28
1443628,32
1444786,46
1445484,19
1446824,69
1448098,47
1448831,25
1449665,31
1450894,42
1451864,33
1452577,21
1453636,36
1454757,36
1455942,45
1457048,39
1458111,43
1458994,35
1459627,17
1460601,29
1461758,45
1463016,49
1464234,51
1466016,79
1466824,30
1468101,46
1469217,38
1470354,47
1471235,26
1472434,39
1473160,18
1474031,40
1475098,33
1476403,49
1477551,36
1478761,46
1479402,25
1480435,27
1481324,29
1482375,31
1483308,28
1484083,30
1485219,52
1486175,26
1487306,38
1487902,13
1488809,38
1489562,19
1490260,16
1491321,52
1492580,53
1493607,42
1494661,33
1495660,26
1496415,26
1497643,33
1498715,43
1499836,44
1501074,48
1502036,33
1503574,51
1504622,31
1505556,43
1506823,54
1507315,11
1508153,28
1509272,37
1510442,60
1511803,56
1512915,38
1513845,43
1514778,31
1515714,39
1516558,28
1517528,26
1518921,54
1520074,42
1521032,35
1521942,27
1522907,44
1524124,62
1525544,63
1526706,49
1527760,36
1528769,31
1529637,27
1531121,54
1532254,40
1533501,51
1534829,63
1536135,54
1537093,27
1538172,39
1539265,38
1540313,37
1541330,33
1542643,50
1543753,33
1544506,30
1545692,60
1547130,42
1548304,48
1549463,49
1550542,40
1551616,36
1552675,34
1553867,49
1554827,38
1556029,51
1557318,54
1558702,53
1560087,51
1560912,31
1561980,38
1562931,29
1564090,45
1565345,45
1566554,42
1567498,36
1568494,30
1569869,58
1571271,58
1572135,27
1573446,54
1574581,60
1575645,45
1576709,48
1577846,54
1578883,42
1580267,54
1581382,44
1582448,30
1583499,40
1584460,40
1585527,51
1586538,42
1587548,36
1588510,31
1589534,39
1590753,44
1591540,40
1592825,47
1593695,25
1594761,48
1595784,31
1597122,44
1597900,21
1599283,62
1600113,24
1600662,20
1602146,74
1603394,46
1604392,37
1605807,51
1606819,32
1608275,49
1609140,29
1610239,42
1611194,33
1612440,50
1613765,54
1614835,40
1616133,52
1617114,30
1618241,58
1619059,19
1620265,49
1620945,22
1621815,29
1622945,42
1624074,51
1625108,36
1626471,67
1627704,43
1629091,59
1630035,32
1630785,21
1632033,47
1633008,33
1634295,50
1635245,40
1636553,61
1637678,38
1638759,53
1640130,48
1640963,33
1641990,46
1643078,41
1644627,60
1645571,29
1646831,51
1647955,48
1649232,48
1650378,50
1651331,35
1653134,76
1654307,47
1655491,38
1656561,36
1657667,45
1659127,66
1660499,70
1661854,63
1663075,54
1663868,24
1664698,38
1665602,29
1666836,48
1667823,40
1669400,66
1670982,61
1672307,60
1673275,44
1674612,70
1675893,54
1677119,55
1678291,42
1679520,45
1680604,37
1681835,50
1682736,32
1683754,42
1684667,35
1685763,39
1686747,34
1687597,29
1688863,52
1689771,40
1690956,47
1692528,69
1693377,43
1694194,39
1695242,34
1696567,52
1697736,55
1698673,30
1699890,49
1701070,53
1702079,35
1703366,58
1704410,46
1705677,50
1707140,63
1707996,21
1709172,42
1710159,40
1711237,37
1712399,45
1713437,46
1714137,31
1715385,56
1716393,34
1717713,47
1718476,26
1719648,48
1720415,25
1721790,54
1722824,47
1724048,58
1725418,51
1726363,34
1727406,38
1728629,43
1730122,79
1731479,60
1732885,51
1734240,77
1735265,35
1736362,35
1736995,18
1738551,73
1739684,44
1740750,41
1741932,49
1742951,32
1743705,29
1744745,38
1745715,37
1746728,28
1747998,62
1748991,35
1750098,44
1751435,54
1752462,49
1753541,46
1755051,56
1756079,43
1757373,60
1758581,47
1759510,44
1760388,28
1761747,62
1762707,32
1763829,46
1764934,47
1766533,89
1768132,81
1768862,28
1769775,34
1771031,47
1772024,32
1772951,35
1774302,70
1775562,51
1776666,41
1777604,30
1778948,54
1780381,66
1781445,44
1782317,27
1783123,38
1784581,62
1785542,45
1786826,72
1788256,66
1789631,55
1790392,30
1791154,26
1792324,41
1793377,59
1794504,42
1795833,50
1796672,29
1797969,56
1799180,44
1800478,59
1801957,59
1803155,61
1804124,33
1805574,53
1806370,29
1807241,28
1808316,50
1809498,48
1810121,21
1811155,40
1811985,34
1813371,53
1813990,14
1815265,70
1816260,55
1817510,49
1818394,43
1819664,67
1820931,64
1822388,65
1823681,41
1825140,82
1826519,58
1827959,78
1828894,25
1830126,53
1831136,47
1832445,65
1833463,41
1834255,27
1834859,24
1835836,41
1836856,43
1838215,48
1839374,40
1840206,30
1841006,35
1842216,46
1843965,77
1844887,37
1845873,41
1846872,44
1847850,33
1849031,50
1850138,38
1851316,43
1852784,64
1853870,47
1855051,50
1856121,45
1857341,43
1858653,65
1859645,40
1860494,34
1861255,23
1861899,18
1863225,51
1864377,49
1865359,41
1866633,59
1867687,33
1868896,57
1869820,42
1871102,67
1872077,28
1873274,44
1874709,66
1875798,61
1876936,44
1877809,24
1879033,44
1880376,71
1881800,65
1883186,61
1884583,68
1885453,30
1886308,45
1887474,51
1888712,67
1890094,71
1891161,41
1892522,57
1893930,60
1895030,45
1895955,33
1897032,40
1898288,58
1899260,36
1900410,55
1901692,73
1902865,64
1904283,66
1905405,37
1906913,59
1908174,59
1909237,47
1910107,29
1911553,52
1912427,40
1913461,46
1914492,46
1915856,73
1916882,36
1917534,23
1918862,73
1920142,51
1921299,62
1922471,49
1923747,53
1925008,51
1926122,49
1927444,55
1928507,54
1929524,43
1930846,69
1932050,56
1933267,50
1934117,35
1935293,50
1936365,44
1937457,50
1938827,54
1939766,49
1940662,24
1941492,41
1942640,55
1943948,56
1945332,72
1946801,68
1947855,47
1949473,74
1950657,48
1951579,38
1952970,59
1954431,61
1956027,70
1957009,42
1957933,37
1959399,66
1960512,63
1961978,68
1963306,65
1964554,45
1966111,67
1967432,53
1967948,14
1969097,39
1970169,33
1971538,72
1972528,48
1974068,64
1975490,60
1976901,67
1977887,41
1978649,39
1979380,25
1980705,63
1981944,48
1983351,70
1984369,39
1985696,60
1986879,55
1987995,38
1989402,62
1990418,40
1991902,72
1993144,56
1994444,53
1995574,42
1997077,67
1998392,56
1999524,54
2000567,51
2001633,37
2002764,57
2004039,52
2005457,56
2006539,47
2008173,73
2009180,31
2010597,57
2011737,51
2012856,50
2013884,38
2015126,60
2016048,39
2017538,72
2018633,46
2019661,40
2020788,54
2022131,60
2023300,53
2024529,52
2025992,89
2027030,44
2028371,61
2029576,54
2031025,72
2032900,100
2033942,52
2035294,57
2036464,39
2038220,89
2039744,61
2040754,45
2042119,86
2042873,38
2044358,76
2045281,37
2046350,45
2047979,67
2048870,43
2050172,70
2051021,24
2052543,71
2053940,51
2054973,48
2056176,40
2057448,61
2058934,69
2060396,83
2061423,47
2062613,39
2063809,49
2064840,48
2066007,47
2067788,80
2068962,49
2070242,58
2071533,68
2073131,64
2074161,57
2075393,59
2076712,53
2078257,64
2079538,64
2080876,69
2081948,40
2083183,71
2084210,53
2085805,88
2087225,60
2088481,47
2089748,45
2091187,73
2092050,27
2093154,55
2094404,57
2095701,54
2096806,61
2097982,47
2099059,53
2100596,76
2101668,38
2103122,67
2104383,65
2105756,62
2107019,59
2107636,27
2108635,30
2109802,45
2111105,60
2112130,29
2113220,39
2114422,61
2115763,60
2116747,46
2118003,57
2119323,57
2120380,43
2121170,37
2122332,42
2123533,67
2124288,22
2125697,86
2127339,76
2128100,27
2129272,46
2130723,65
2131850,41
2133024,49
2134354,91
2135838,85
2137593,71
2138561,48
2139585,37
2140593,38
2141971,63
2142849,30
2144194,59
2145353,46
2146361,33
2148253,160
2149328,62
2150935,80
2152394,63
2153589,40
2154739,48
2155559,32
2156631,41
2157936,53
2159305,77
2160534,47
2161347,26
2162697,70
2163878,63
2165271,79
2166832,94
2168121,69
2169245,43
2170332,43
2171431,45
2173044,62
2174200,36
2175330,55
2176409,82
2177955,70
2179193,56
2180580,59
2182014,84
2183177,54
2183706,16
2184726,42
2186025,56
2187132,42
2188077,40
2189263,58
2190469,61
2191906,64
2192799,43
2193843,45
2194912,44
2196224,58
2197545,66
2198755,45
2200092,72
2201325,69
2202604,50
2204057,67
2205035,32
2205978,36
2207232,62
2208434,62
2209553,48
2210887,64
2212645,89
2213791,46
2214804,43
2215974,52
2216790,27
2218254,75
2219433,66
2220648,47
2221982,80
2222915,29
2224084,49
2225204,61
2226601,69
2227929,51
2229479,68
2230662,47
2231832,73
2233419,72
2234676,50
2236040,63
2237451,52
2238962,88
2240342,70
2241692,49
2243076,70
2243878,36
2244751,32
2245910,60
2247030,65
2248340,58
2249211,37
2250689,73
2252397,86
2254242,103
2255407,53
2256855,102
2257754,35
2259004,37
2260314,69
2261810,74
2263291,107
2264652,61
2265851,55
2267256,75
2268499,61
2270041,64
2271564,74
2272824,48
2273742,47
2275057,72
2275991,37
2277354,57
2279010,74
2280465,69
2281671,52
2282807,77
2284201,65
2285222,60
2286766,98
2288315,75
2289451,47
2290768,74
2291673,31
2292722,47
2293780,51
2295260,81
2296596,70
2298044,82
2298873,27
2300090,53
2301421,84
2302510,41
2303835,69
2305267,58
2306106,30
2307009,41
2307962,42
2309521,80
2310744,50
2312253,102
2313120,38
2314240,58
2315033,26
2316163,44
2317435,54
2318696,55
2319741,64
2321065,65
2322074,39
2323414,70
2324796,54
2326093,80
2327327,74
2328783,72
2329739,36
2330564,33
2331478,47
2332843,66
2334249,76
2335530,55
2337211,98
2338276,37
2339258,41
2340848,84
2341830,28
2343396,72
2344952,70
2345951,45
2347129,50
2348136,44
2349617,66
2350821,69
2352136,52
2353582,67
2354511,42
2355490,43
2356749,53
2358221,74
2359731,72
2360808,41
2362151,55
2363528,55
2364722,50
2366348,74
2367533,60
2368977,65
2370000,29
2370746,30
2371606,29
2372693,51
2373928,66
2374878,37
2375780,32
2377131,67
2378583,75
2380062,77
2381402,59
2382878,73
2383543,28
2384766,60
2386268,81
2387427,36
2388725,58
2389635,29
2390740,43
2392330,91
2393768,59
2394618,41
2395958,60
2397057,39
2398310,47
2399657,58
2400879,51
2402202,54
2403451,57
2404700,42
2406179,68
2407376,48
2408171,35
2409040,45
2410248,57
2411086,29
2412431,72
2413921,71
2415617,97
2417087,93
2418390,72
2419634,54
2420941,76
2422393,85
2423612,49
2425152,72
2426717,73
2427859,55
2429050,67
2429871,31
2431302,71
2432699,76
2433559,29
2434799,68
2436073,57
2437382,65
2438421,58
2440065,107
2441493,65
2442706,54
2443908,48
2445426,81
2446541,43
2447747,55
2448808,42
2450350,84
2451006,24
2452495,107
2454096,99
2455444,69
2456336,41
2457539,58
2458860,53
2460186,56
2461527,88
2462608,41
2464109,79
2465203,40
2466332,62
2467612,62
2469248,87
2470339,43
2471947,67
2473293,56
2474854,76
2476182,64
2477323,45
2478101,27
2479349,75
2480806,63
2482330,104
2483678,261
2484841,49
2486301,69
2487236,38
2488444,58
2489487,56
2490456,42
2491978,74
2493153,59
2493946,27
2495225,53
2496162,39
2497424,76
2499066,84
2499778,28
2500918,58
2502534,91
2503643,48
2504984,63
2506648,74
2508180,67
2509026,22
2510403,76
2511349,36
2512867,65
2514094,58
2515257,54
2516226,44
2517163,40
2518252,73
2519448,78
2520966,97
2522155,56
2523508,80
2524730,64
2526077,81
2527283,61
2528898,280
2530263,87
2531714,66
2533133,66
2534565,79
2535853,56
2537244,61
2538522,78
2540130,74
2541696,62
2542645,51
2543968,57
2544980,41
2546297,65
2547489,61
2548874,76
2550529,76
2551798,64
2552851,40
2554557,88
2556185,81
2557353,48
2558455,64
2559658,68
2561100,55
2562019,41
2563523,66
2564837,70
2566271,72
2567410,45
2569034,77
2570469,70
2571829,69
2573005,42
2574424,77
2575569,60
2576668,41
2577773,44
2579081,53
2580748,78
2582150,86
2583720,87
2584915,55
2585899,47
2587083,51
2588085,45
2589208,57
2590637,67
2592152,92
2593002,29
2593899,34
2595426,85
2596506,36
2597862,59
2599216,61
2600507,65
2602146,94
2603544,64
2604244,24
2605636,63
2607015,57
2608402,73
2609412,34
2610260,22
2611362,37
2612290,27
2613264,59
2614838,88
2616272,75
2617741,67
2619064,68
2620176,57
2621530,59
2623008,70
2624120,70
2625196,56
2626311,43
2627524,52
2628729,64
2629867,46
2631134,59
2632488,75
2633547,35
2635144,97
2635970,36
2637578,80
2638713,51
2639606,31
2640809,62
2642117,50
2643677,84
2645055,56
2646131,34
2647326,77
2648694,70
2649795,39
2651467,73
2652994,60
2654026,61
2655424,67
2656413,45
2658067,82
2659146,55
2660748,107
2662209,78
2663169,69
2664551,66
2665620,43
2667131,84
2668345,54
2669645,57
2670889,51
2671829,30
2673226,59
2674567,58
2675707,41
2677335,88
2678826,64
2680245,90
2681765,72
2682952,49
2684192,51
2685238,47
2686276,48
2687092,53
2688566,79
2690191,77
2691220,42
2692782,84
2694263,78
2695667,59
2696775,52
2697929,41
2699053,34
2699817,46
2701079,45
2702708,77
2703818,58
2704774,40
2705879,35
2706757,41
2707773,53
2708633,29
2710158,72
2711549,58
2712950,65
2714300,91
2715610,79
2716731,66
2717815,41
2719222,71
2720675,68
2721555,35
2723092,262
2724310,55
2725583,72
2727051,56
2728542,74
2729326,26
2730652,68
2731831,50
2733043,61
2734126,42
2735562,70
2736860,58
2738503,78
2739918,69
2741300,51
2742842,74
2743874,48
2745063,51
2746208,62
2747242,35
2748698,97
2750365,91
2751876,85
2753179,50
2754567,79
2756016,61
2757318,61
2758559,71
2759791,81
2760751,51
2761899,53
2763274,50
2764360,64
2765469,89
2766869,79
2767989,57
2769467,64
2770227,28
2771551,61
2773092,75
2774220,59
2775302,71
2776821,92
2778502,92
2779746,56
2781231,87
2782384,68
2783827,52
2784621,31
2785815,66
2787005,53
2788327,65
2789464,61
2790478,47
2791739,74
2793207,90
2794426,47
2795558,56
2796927,59
2798007,46
2799332,72
2800900,90
2802006,62
2803582,72
2804740,38
2805783,49
2806803,70
2807917,55
2808943,47
2810540,72
2811767,83
2813715,110
2815035,82
2816454,64
2818072,85
2819422,70
2820691,61
2822010,83
2823368,66
2824451,47
2825869,83
2827266,75
2827965,26
2828894,42
2830261,60
2831735,81
2833308,76
2834702,63
2836074,78
2837366,51
2838777,65
2839621,21
2840574,29
2842086,71
2843722,96
2844888,47
2846168,68
2847332,59
2848852,78
2849965,49
2850903,29
2852377,65
2854048,77
2855536,87
2856758,72
2858165,81
2859630,73
2860511,29
2861896,64
2863307,69
2864585,70
2865986,87
2867770,85
2869234,78
2870155,33
2871468,82
2873031,86
2874462,74
2875801,64
2877006,53
2878299,61
2879521,75
2880747,96
2881882,50
2883014,39
2884450,74
2885581,63
2887019,73
2888573,87
2890064,62
2891356,52
2892917,77
2894735,77
2896097,76
2897533,67
2898717,44
2900188,83
2901376,66
2902206,21
2903484,66
2904727,51
2906462,122
2907966,97
2909389,55
2910827,71
2911971,45
2913231,64
2914902,97
2916514,81
2917955,89
2919251,51
2920471,45
2921708,55
2922956,52
2924409,79
2925614,57
2926314,20
2927873,75
2929572,65
2931058,84
2932361,63
2933698,53
2935352,104
2936180,35
2937044,31
2938665,93
2939953,78
2941380,95
2942802,75
2943652,25
2945141,76
2946548,65
2948177,100
2949132,58
2950445,82
2952060,70
2953472,44
2954687,49
2956013,55
2957072,46
2958483,61
2959629,33
2960984,67
2962089,51
2963139,47
2964292,48
2965441,68
2966848,67
2967985,45
2969395,70
2970496,37
2971840,85
2973444,95
2974706,57
2975924,53
2976827,41
2978330,80
2979715,75
2981138,305
2982505,72
2984112,115
2985407,57
2986645,68
2987564,40
2988592,68
2990107,104
2991511,70
2992893,71
2994393,82
2995485,42
2996963,95
2998392,66
2999243,35
3000968,86
3002029,35
3003295,75
3004564,57
3005915,68
3007203,60
3008851,98
3010100,56
3011505,75
3012915,80
3013757,21
3015257,66
3016904,82
3018424,94
3019982,81
3021502,87
3022913,68
3024406,90
3025431,49
3027035,131
3027948,50
3029177,55
3030294,43
3031514,69
3033019,87
3034577,105
3035694,45
3037306,90
3038495,63
3040055,74
3041625,104
3043067,81
3044513,74
3045542,40
3047291,118
3048523,50
3050207,90
3051068,49
3052383,57
3054121,93
3055274,49
3056592,63
3058046,76
3059327,90
3060398,50
3061726,74
3062973,53
3063913,25
3064816,49
3066098,57
3067852,117
3069258,53
3070648,51
3071934,57
3073823,102
3075649,229
3077188,81
3078234,72
3079905,104
3081445,82
3083045,77
3084625,81
3086403,85
3087366,33
3089060,100
3090683,92
3091952,68
3093718,93
3095121,60
3096595,72
3097710,37
3098598,23
3099917,97
3101347,110
3102214,36
3103161,55
3104430,54
3106045,98
3106951,30
3108319,50
3109919,86
3111353,61
3111951,16
3112990,52
3114650,113
3116154,69
3117505,58
3118995,57
3120305,59
3121815,90
3122960,61
3124454,107
3126173,89
3128069,92
3129267,65
3130176,34
3131444,64
3132936,139
3134016,51
3135790,186
3136795,46
3138437,93
3139699,83
3140896,75
3141991,47
3143481,113
3144832,79
3145633,31
3147308,89
3148770,67
3150066,69
3151558,59
3152934,91
3154185,84
3156001,133
3157398,69
3158932,83
3160506,92
3162017,69
3163387,77
3164679,42
3165762,40
3167105,68
3168275,69
3169559,45
3170991,39
3172462,88
3173487,40
3174793,54
3175804,36
3177232,61
3178672,57
3179043,6
3180440,53
3181621,51
3182999,95
3184024,19
3185299,61
3187016,88
3188602,78
3190040,75
3191501,77
3192585,43
3194051,78
3195212,46
3196457,59
3197766,72
3199196,72
3200546,61
3201628,33
3202899,67
3204545,86
3206061,58
3207843,77
3209120,46
3210591,83
3211828,92
3212932,46
3214570,94
3216360,116
3217603,53
3218905,57
3220019,51
3221458,61
3222815,78
3224176,69
3225261,31
3226210,30
3227393,89
3229072,119
3230603,64
3231921,58
3233164,65
3234737,83
3236173,73
3237824,90
3239029,47
3240685,66
3241995,67
3243562,124
3245076,100
3246515,81
3247813,70
3249427,85
3250906,85
3252285,75
3253745,82
3254688,37
3256039,72
3257481,85
3259226,200
3260481,68
3261915,94
3263347,95
3264776,106
3266150,98
3267141,33
3268253,58
3270081,87
3271203,42
3272069,36
3273501,83
3274352,48
3275851,82
3277437,96
3279070,99
3280289,63
3281773,95
3283307,81
3284797,110
3285911,45
3287066,34
3288590,121
3290058,82
3291067,42
3292704,81
3294105,88
3295211,48
3296824,95
3297932,76
3299511,97
3301234,125
3302324,44
3303411,47
3304437,38
3305711,61
3307071,73
3308438,86
3309696,98
3311199,94
3313018,124
3314478,86
3315460,41
3316845,84
3318301,78
3319751,95
3321311,91
3322193,33
3323188,54
3324415,67
3325549,50
3327310,89
3328403,43
3329845,93
3331385,84
3332853,90
3334124,43
3335417,76
3337052,155
3338165,42
3339727,81
3340861,48
3342223,60
3343378,46
3344944,84
3345473,16
3346936,77
3347935,51
3349314,97
3350809,107
3352328,127
3353760,68
3354731,39
3356037,84
3357123,50
3358416,346
3359663,47
3361098,67
3362294,53
3363477,79
3364945,92
3366286,81
3367731,85
3369325,113
3370732,58
3372240,148
3373206,43
3374789,98
3376196,95
3377424,57
3378005,16
3379257,73
3380425,87
3381667,62
3382664,52
3384107,74
3385705,103
3387094,91
3388448,90
3389795,75
3391298,92
3392380,50
3393813,97
3395195,126
3396592,78
3398222,62
3399416,50
3400873,47
3401962,60
3403578,104
3404978,206
3406473,104
3407951,76
3409423,115
3411068,115
3412087,58
3413693,92
3415230,122
3416722,68
3418149,95
3419508,68
3420971,61
3422320,92
3423743,95
3424870,49
3426593,85
3428077,76
3428983,36
3429792,24
3431215,87
3433080,147
3434408,77
3435636,69
3436897,62
3437998,53
3439524,96
3440774,81
3441981,49
3443079,40
3444511,152
3445404,40
3447082,127
3448881,119
3450220,86
3451900,119
3453240,207
3454542,97
3456219,76
3457401,81
3458251,57
3460114,107
3461140,42
3462376,110
3463460,51
3464841,73
3466263,90
3467814,88
3469389,95
3470640,228
3471722,57
3473094,106
3474542,61
3475688,49
3476930,57
3478539,109
3479919,75
3481317,72
3482656,50
3484156,111
3485557,66
3487037,111
3488067,38
3489672,285
3491141,84
3492686,105
3494306,88
3495713,86
3496091,7
3497766,146
3499061,75
3500644,106
3502204,120
3503933,133
3505242,68
3507061,160
3508390,62
3509611,65
3510905,77
3512457,177
3513751,60
3515001,52
3516281,50
3517460,49
3518158,36
3519794,79
3520936,61
3522471,126
3523885,79
3525248,69
3527010,126
3527971,54
3529295,84
3530590,83
3531946,90
3533277,76
3535038,141
3536483,113
3537979,307
3539497,112
3541037,83
3542299,106
3543880,98
3545439,105
3546419,77
3547644,44
3549209,83
3550604,51
3552344,125
3553623,77
3555118,107
3556907,147
3557608,26
3559029,267
3560342,59
3561386,52
3562430,33
3563927,114
3565231,53
3566863,82
3568079,61
3569208,67
3570393,49
3571523,53
3573169,86
3574564,103
3576291,93
3578063,92
3578518,3
3579871,74
3581195,75
3582438,73
3583805,111
3585164,60
3586619,113
3587655,49
3589018,77
3590329,73
3591523,68
3593139,229
3594317,72
3596014,88
3597676,115
3599044,70
3600591,87
3601842,42
3603410,154
3604752,67
3606223,83
3607635,100
3608867,55
3609976,41
3611753,97
3612721,34
3614055,83
3615244,35
3616527,85
3617736,63
3618771,41
3620623,158
3622150,107
3623402,68
3624514,65
3625880,72
3627746,83
3628909,85
3629697,20
3630991,85
3631673,30
3632865,71
3634275,82
3635797,84
3636945,35
3638355,79
3639845,101
3641003,62
3642402,78
3643398,27
3644849,222
3645861,49
3647386,110
3648712,73
3650391,123
3651481,59
3652821,80
3654332,67
3655582,102
3657379,83
3658682,63
3660000,83
3661097,60
3662204,59
3663399,73
3664646,86
3666248,95
3667670,50
3669092,70
3670551,100
3671942,70
3673792,142
3674396,17
3675515,43
3676795,50
3678320,80
3678988,32
3679730,19
3681135,75
3682394,64
3683832,54
3685736,342
3686835,62
3688483,121
3689566,71
3691278,117
3692316,29
3693744,113
3694542,19
3696083,97
3697352,91
3698965,90
3699662,27
3701721,287
3702996,70
3704179,104
3706014,117
3707399,63
3708501,65
3709550,57
3710612,39
3711495,48
3713010,120
3714691,69
3715970,83
3717320,56
3718823,114
3720321,127
3721712,88
3723315,113
3724568,76
3725962,109
3727147,83
3728421,73
3729490,40
3730519,44
3731196,23
3732686,90
3734065,84
3735805,141
3737504,253
3738932,119
3740342,72
3741811,101
3742776,50
3744071,78
3745739,144
3747104,97
3748615,107
3750119,149
3751176,81
3752477,83
3753633,51
3754984,56
3755953,40
3757181,81
3758563,66
3760457,190
3762279,135
3763643,89
3765110,80
3766287,75
3768110,171
3769947,149
3771678,130
3772997,55
3774117,42
3775596,111
3776958,101
3777772,19
3779096,77
3780691,115
3782283,85
3783533,66
3785063,63
3786394,85
3787981,277
3789574,96
3791099,71
3792445,87
3793989,98
3794997,26
3796979,204
3798421,63
3799721,81
3801266,72
3802680,112
3804280,132
3806043,200
3807570,114
3809002,224
3810378,75
3811744,69
3812596,20
3813618,39
3814842,58
3815887,54
3816761,32
3818028,64
3819482,111
3820947,196
3821961,53
3823346,88
3824845,94
3826042,92
3827139,127
3828672,113
3830337,68
3831673,70
3833016,51
3834799,145
3835714,39
3837040,65
3838003,37
3839338,81
3841061,92
3842333,72
3843795,106
3845040,57
3846650,284
3848063,77
3850007,147
3851138,58
3852612,104
3854215,116
3855748,100
3856809,42
3858052,98
3859090,56
3860522,226
3861722,61
3863293,119
3865025,86
3866333,93
3867744,93
3869297,100
3870229,36
3871587,85
3873047,78
3874498,63
3875926,146
3877302,123
3878390,42
3879486,63
3881046,123
3882569,198
3883583,33
3885338,329
3886959,98
3887841,25
3889372,143
3890924,123
3892539,294
3893900,101
3895520,150
3897255,98
3898760,241
3900320,98
3901801,141
3903162,81
3904828,167
3906012,47
3907477,69
3909164,137
3910043,39
3911432,128
3912959,97
3913931,39
3914912,52
3915779,51
3916716,37
3918126,88
3919702,302
3921366,123
3923065,124
3924036,59
3925320,55
3927251,105
3928765,89
3929910,76
3931144,46
3932142,66
3933837,123
3935006,49
3936415,106
3937849,92
3938982,60
3939935,58
3941418,88
3942870,64
3944070,54
3945502,100
3947312,182
3948830,76
3950150,70
3951012,26
3952852,133
3954191,91
3955209,65
3956787,93
3958175,99
3959481,81
3960517,72
3961865,57
3963561,238
3964744,70
3966151,87
3967801,145
3969458,89
3970981,70
3972398,103
3973636,99
3975374,146
3977261,158
3978823,257
3980134,79
3981665,83
3983268,161
3984869,222
3985918,53
3987401,112
3989107,270
3991027,266
3992246,85
3993359,60
3994759,57
3996024,46
3997319,95
3998221,43
3999620,71
4000555,38
4001710,84
4003268,94
4005271,197
4006851,97
4008039,64
4009529,69
4010927,117
4012519,80
4014212,252
4015100,39
4016606,85
4018021,133
4019892,276
4021564,197
4023003,97
4024396,101
4026030,265
4027308,77
4029033,275
4030546,61
4032440,336
4033846,203
4035397,78
4036619,81
4038076,88
4039274,77
4040519,87
4041467,73
4042997,97
4044719,140
4046435,133
4047532,70
4048975,75
4050362,73
4051366,43
4052482,39
4053693,198
4054938,81
4056308,68
4057875,95
4059564,225
4061240,259
4062732,284
4063871,37
4065106,70
4067032,246
4068354,68
4069951,70
4071507,110
4072473,27
4074128,126
4075406,77
4076880,100
4078322,115
4079709,69
4080977,65
4082797,94
4083981,66
4085017,56
4086384,78
4087806,60
4088810,48
4090225,123
4091640,92
4093280,135
4094525,83
4096235,128
4097342,68
4098318,81
4099763,137
4101433,94
4103094,92
4104731,96
4105913,36
4107535,144
4109018,68
4110351,62
4112037,112
4113356,87
4114928,136
4116768,137
4118506,364
4119555,51
4120790,51
4122159,53
4123066,36
4124397,62
4125628,71
4127219,85
4128443,67
4129404,39
4131122,164
4132286,78
4133239,23
4134608,124
4135945,275
4137357,102
4138789,65
4139972,102
4141758,123
4143092,62
4143660,16
4145043,69
4146591,90
4148171,105
4149426,176
4151275,123
4152946,189
4154309,74
4155198,38
4156599,255
4157662,55
4159121,117
4160423,83
4161812,106
4163031,45
4163903,76
4165423,310
4167134,108
4168668,330
4169920,61
4171281,64
4172655,106
4173973,55
4175372,75
4176877,247
4177893,36
4179401,72
4181012,361
4182664,79
4184057,76
4185419,81
4187054,121
4188269,75
4189452,74
4190935,85
4192040,44
4193690,90
4195111,71
4196749,117
4198274,113
4199870,114
4201326,81
4202618,83
4204008,75
4205618,134
4207421,87
4208803,214
4210344,188
4211571,52
4213259,192
4214800,103
4216125,84
4217853,191
4219159,87
4220743,220
4222121,53
4223584,114
4224854,82
4226363,97
4227786,90
4229067,79
4230465,62
4232475,280
4233848,68
4235009,76
4236394,86
4238241,140
4239647,113
4240758,42
4242288,100
4243860,148
4245235,97
4246456,106
4247515,66
4248992,87
4250447,104
4251948,105
4253520,144
4255228,142
4256701,90
4258135,83
4259402,65
4260372,57
4261794,204
4263047,93
4264419,81
4265949,232
4267690,161
4268775,58
4270267,122
4271402,76
4272928,122
4274340,96
4275393,45
4276991,106
4278213,75
4279376,80
4281322,216
4283004,136
4284378,72
4285879,65
4286807,24
4288321,107
4289778,127
4291563,172
4292889,99
4294238,93
4296086,196
4298003,106
4299986,193
4301392,113
4302998,180
4304205,57
4305339,40
4307007,171
4308363,101
4309703,59
4310693,35
4311924,102
4313443,107
4314828,79
4316611,253
4318150,134
4319633,76
4320345,17
4321448,78
4322854,68
4324144,60
4326067,194
4327678,208
4329370,106
4330659,83
4331654,31
4333376,88
4335078,100
4336537,69
4337632,45
4339501,252
4340375,41
4341884,80
4343141,76
4344786,100
4346350,289
4347760,164
4349697,168
4350826,48
4352311,99
4354150,242
4355772,247
4357051,92
4358641,101
4360519,214
4362221,143
4363883,355
4365205,79
4366878,169
4368270,268
4370038,205
4371479,182
4372914,74
4374143,64
4375999,237
4377365,104
4378564,105
4380202,142
4381378,64
4382694,76
4384190,117
4385527,262
4386808,88
4387925,67
4389460,140
4390542,78
4392504,192
4394065,307
4395181,56
4396578,91
4397713,46
4399175,48
4400765,143
4402238,102
4403373,36
4404943,91
4406092,75
4407352,99
4409371,194
4410981,108
4412119,38
4413543,110
4415207,315
4416535,73
4418054,100
4419178,70
4420516,64
4422514,321
4424178,110
4425891,77
4427566,107
4429244,70
4430586,76
4431901,95
4433262,95
4434728,87
4436242,104
4437612,82
4438854,55
4440285,129
4441747,94
4443109,89
4444758,86
4446141,76
4447753,86
4448760,37
4449935,42
4451441,81
4453140,126
4455087,173
4456662,152
4457906,84
4459606,254
4461207,121
4462322,53
4463367,41
4465176,143
4466716,151
4468502,164
4469441,38
4470229,23
4471925,173
4473080,69
4474616,142
4476199,140
4477318,78
4478474,70
4480166,80
4481288,50
4482755,75
4484235,158
4485801,87
4487416,101
4488745,77
4489996,84
4491436,180
4492855,97
4494074,72
4495534,93
4496903,97
4498295,85
4499905,226
4501420,77
4502553,82
4504432,223
4505809,69
4507307,114
4508918,119
4509742,25
4511032,76
4512254,44
4513676,110
4515326,105
4516907,83
4518369,104
4519488,69
4521178,78
4522980,142
4524555,118
4526550,151
4527859,278
4529202,66
4530605,93
4531660,42
4532904,59
4534680,206
4535944,185
4537485,114
4538950,94
4540364,119
4541505,67
4543156,117
4544675,164
4546222,146
4547801,86
4549186,88
4550631,88
4552162,276
4553753,160
4555230,99
4557128,160
4558772,153
4559931,54
4561657,225
4563129,119
4564526,99
4565525,36
4566949,67
4568479,68
4569947,99
4571348,103
4572779,95
4573802,53
4575418,152
4577084,259
4578426,146
4579434,79
4580410,32
4581684,91
4583319,151
4584984,122
4586132,52
4587752,114
4589403,158
4591173,157
4592883,161
4594481,133
4596167,104
4597426,52
4599004,116
4600534,77
4602287,176
4603532,85
4604914,97
4606210,87
4608125,130
4609655,148
4610392,24
4611475,95
4612757,99
4613933,51
4615598,91
4617150,194
4618415,55
4620152,100
4621572,70
4622900,77
4624823,191
4626312,117
4627941,147
4629530,103
4630991,96
4632530,111
4633999,94
4635542,112
4636493,42
4637449,54
4639242,131
4640670,95
4642422,245
4643994,164
4645996,149
4647556,289
4648798,84
4649858,43
4651434,110
4652841,98
4654178,89
4655971,109
4657291,78
4658157,38
4659411,55
4661247,299
4662241,55
4663420,44
4664807,104
4665979,262
4667492,93
4669339,149
4671121,112
4672542,108
4673506,50
4675114,109
4676094,42
4677502,114
4679299,217
4680869,115
4682536,125
4683368,39
4684648,74
4686241,143
4687574,92
4688977,117
4690200,55
4691364,63
4692524,67
4694447,166
4695595,40
4696894,46
4697859,33
4699077,77
4700375,148
4701605,52
4702781,81
4704376,85
4706259,277
4707558,82
4708588,39
4709823,112
4711043,78
4712776,174
4714290,115
4715987,137
4716696,22
4718052,64
4719243,63
4720194,40
4722142,191
4723014,20
4723930,39
4725644,95
4727227,131
4728054,26
4729612,102
4731481,246
4732772,76
4734599,104
4736344,272
4738408,204
4740064,177
4741628,137
4743121,179
4744619,65
4745708,54
4747303,71
4748934,86
4750253,96
4751544,141
4752493,51
4754144,107
4755613,186
4756243,28
4758036,185
4759712,176
4761114,87
4763048,183
4764355,72
4765633,76
4767312,146
4768679,84
4770126,94
4771494,59
4772910,53
4774224,57
4776134,246
4777539,55
4779253,136
4781087,199
4782409,57
4784009,134
4785410,190
4786669,56
4788285,118
4789950,137
4791816,193
4793385,104
4794701,89
4795771,30
4797159,97
4799020,324
4800360,110
4801838,116
4802860,39
4804138,89
4805425,58
4807346,190
4809207,196
4810727,77
4812527,206
4814158,154
4815446,69
4816729,81
4817876,51
4819187,103
4821111,148
4822369,142
4823941,129
4825485,293
4826875,101
4828169,57
4829349,46
4830900,93
4832451,118
4833692,85
4834937,59
4835975,39
4836494,10
4837966,178
4839592,137
4840744,94
4842261,84
4843842,116
4845005,140
4846426,213
4848165,183
4849606,61
4850620,31
4851944,89
4853366,192
4854862,336
4856402,75
4857513,99
4859161,159
4860516,61
4861624,78
4863262,131
4864882,208
4866285,66
4867976,102
4869255,71
4871029,184
4872337,88
4873797,109
4875578,258
4876941,66
4878271,64
4879393,47
4881110,282
4882190,36
4883634,69
4885026,59
4886649,86
4888038,88
4889264,103
4890020,19
4891522,141
4892931,70
4893975,54
4895182,56
4896306,72
4897375,50
4899189,237
4900123,31
4902031,336
4903767,134
4905757,185
4907191,80
4908834,104
4910369,134
4911583,67
4913293,110
4914673,112
4916350,201
4917991,200
4919240,84
4920860,132
4922279,93
4923859,95
4925457,113
4927182,111
4928593,109
4929937,84
4931125,54
4932403,74
4933993,122
4935396,78
4936431,70
4937497,61
4939033,99
4940519,104
4941586,189
4942702,60
4944013,70
4945977,174
4947215,55
4948557,66
4950361,302
4951902,65
4953615,135
4954604,51
4956009,118
4958037,246
4959580,170
4960996,120
4962623,135
4963667,253
4965069,254
4966187,65
4967207,56
4968237,50
4970042,157
4972271,285
4973981,73
4975809,108
4977596,135
4979302,117
4980967,131
4982828,122
4984893,401
4986168,58
4987636,76
4988641,38
4990034,110
4991522,80
4993005,91
4994694,62
4996195,123
4997735,76
4999182,119
